,Actual,Predicted
0,262788258,253274531.82331073
1,330965655,231828342.47062224
2,346397073,211888577.2752245
3,238397307,195036197.45919254
4,254791824,180523104.3993491
5,182152377,168072146.608307
6,249061824,157382097.64706638
7,291894684,148205343.05241206
8,217640280,140327411.9661196
9,230337489,133564519.4907054
10,259220457,127758836.15526298
11,328430400,122774881.37672664
12,238742385,118496348.58435364
13,285222528,114823393.37597612
14,289683183,111670303.13542312
15,201625377,108963496.89991237
16,149158683,106639808.2521836
17,151024212,104645011.26204374
18,144436698,102932555.06195232
19,152224362,101462477.52938907
20,214290075,100200472.72504297
21,134168358,99117090.32451369
22,147438777,98187048.36133371
23,129383127,97388643.24338728
24,121263348,96703243.27478425
25,86776968,96114853.86394314
26,116373399,95609744.27151702
27,103390995,95176127.1878986
28,144136182,94803883.66287935
29,107017062,94484326.9683818
30,98327637,94209999.88373227
31,108863529,93974500.67289385
32,94968867,93772333.69263971
33,97111383,93598781.14543764
34,119979573,93449792.98425297
35,101150940,93321892.40007229
36,84717483,93212094.68659167
37,68059518,93117837.58868393
38,76354227,93036921.50924705
39,67965924,92967458.17909186
40,127762917,92907826.5920225
41,87063354,92856635.17680436
42,103055145,92812689.32325885
43,96429171,92774963.50466967
44,85243569,92742577.3459448
45,65118042,92714775.0790577
46,104499075,92690907.90633649
47,90852672,92670418.86002897
48,52073166,92652829.80482352
49,59821500,92637730.28001513
50,59491053,92624767.92093581
51,80515905,92613640.23612233
52,183564843,92604087.54833218
53,234132072,92595886.93467845
54,187426038,92588847.0244694
55,98735766,92582803.53335468
56,150780912,92577615.4295623
57,160945482,92573161.64276099
58,146790486,92569338.2387457
59,112683234,92566055.99401413
60,189009156,92563238.31363434
61,121148496,92560819.44381446
62,143326959,92558742.9374628
63,127656009,92556960.33693053
64,88203942,92555430.04319695
65,167964909,92554116.34510888
66,191929665,92552988.58602007
67,213027585,92552020.44838332
68,201249459,92551189.33960041
69,139424922,92550475.86479808
70,156121947,92549863.37422642
71,135670677,92549337.57471792
72,126287439,92548886.19614017
73,168810432,92548498.70505819
74,666378582,92548166.0589247
75,174135792,92547880.49506205
76,155584932,92547635.34951115
77,99518916,92547424.90152036
78,68596704,92547244.24004534
79,96835683,92547089.14914408
80,68732433,92546956.00959317
81,128538063,92546841.71442902
82,148949784,92546743.59644336
83,145914567,92546659.36594082
84,96735495,92546587.05730642
85,134099895,92546524.9831355
86,154496844,92546471.69485636
87,225166584,92546425.94892609
88,178662438,92546386.67781113
89,138812160,92546352.96507514
90,99937488,92546324.02399288
91,93798981,92546299.17919113
92,116332788,92546277.85088804
93,76100940,92546259.5413633
94,76997649,92546243.8233432
95,61794399,92546230.3300298
96,60199491,92546218.7465412
97,123520191,92546208.80256346
98,69394809,92546200.26604249
99,82001865,92546192.93776882
100,79134144,92546186.6467288
101,104972262,92546181.24611384
102,76174155,92546176.6098944
103,73038639,92546172.62987901
104,55030530,92546169.21318945
105,47437983,92546166.28009339
106,55699911,92546163.76214366
107,60485157,92546161.60058102
108,45472953,92546159.74496296
109,108648270,92546158.1519865
110,64868259,92546156.78447771
111,71304939,92546155.6105242
112,59406972,92546154.60273045
113,78236694,92546153.73757842
114,53871174,92546152.9948788
115,56874765,92546152.35729985
116,111809148,92546151.80996294
117,199820646,92546151.34009534
118,110300850,92546150.93673214
119,117071565,92546150.5904604
120,123267519,92546150.2931995
121,81408717,92546150.03801247
122,71196474,92546149.81894428
123,90623880,92546149.63088268
124,197758590,92546149.46943907
125,268189377,92546149.33084595
126,155360874,92546149.21186912
127,202569984,92546149.1097321
128,181817016,92546149.02205141
129,108761676,92546148.94678092
130,100751520,92546148.88216412
131,88270437,92546148.82669309
132,96587016,92546148.77907334
133,121117359,92546148.73819365
134,100107066,92546148.70309998
135,128681934,92546148.67297344
136,118536663,92546148.64711097
137,91475610,92546148.62490903
138,101385522,92546148.60584952
139,117674550,92546148.58948767
140,101558481,92546148.57544166
141,85910955,92546148.5633837
142,118297077,92546148.5530324
143,100011864,92546148.54414621
144,105895134,92546148.53651777
145,125528301,92546148.52996904
146,84815517,92546148.5243472
147,78928299,92546148.51952107
148,71772987,92546148.51537804
149,64311261,92546148.51182139
150,87407010,92546148.50876816
151,133958424,92546148.50614707
152,147052302,92546148.50389697
153,83546700,92546148.50196534
154,83938578,92546148.50030711
155,119058678,92546148.49888359
156,106827114,92546148.49766155
157,93646542,92546148.49661247
158,106770765,92546148.49571188
159,85241667,92546148.49493876
160,93115506,92546148.49427506
161,88310985,92546148.49370532
162,66813141,92546148.4932162
163,86536347,92546148.49279632
164,122276166,92546148.49243586
165,81129429,92546148.49212642
166,89217957,92546148.49186078
167,65705682,92546148.49163274
168,83353857,92546148.49143697
169,70407516,92546148.49126892
170,94177251,92546148.49112464
171,139511688,92546148.4910008
172,101470938,92546148.49089448
173,132554748,92546148.4908032
174,100112568,92546148.49072485
175,97171080,92546148.49065758
176,110491701,92546148.49059984
177,118735185,92546148.49055028
178,92463357,92546148.49050772
179,78091785,92546148.49047118
180,103674267,92546148.49043983
181,84017799,92546148.4904129
182,85917915,92546148.4903898
183,79111779,92546148.49036996
184,68211114,92546148.49035293
185,54254670,92546148.4903383
186,69908337,92546148.49032575
187,90335679,92546148.49031498
188,72110688,92546148.49030572
189,67631046,92546148.49029778
190,78160215,92546148.49029097
191,49753698,92546148.49028511
192,71758818,92546148.49028009
193,48615909,92546148.49027577
194,61271949,92546148.49027207
195,53292435,92546148.4902689
196,66432381,92546148.49026617
197,68104050,92546148.49026382
198,73682715,92546148.49026181
199,74438223,92546148.4902601
200,57476676,92546148.4902586
201,93297684,92546148.49025734
202,137947158,92546148.49025624
203,97490121,92546148.49025531
204,64884477,92546148.4902545
205,52143939,92546148.4902538
206,56774586,92546148.49025321
207,55903566,92546148.4902527
208,81292122,92546148.49025227
209,69853350,92546148.4902519
210,56375880,92546148.49025157
211,68319948,92546148.4902513
212,54421644,92546148.49025106
213,77781126,92546148.49025086
214,62898276,92546148.49025068
215,64923570,92546148.49025053
216,60628713,92546148.4902504
217,49112910,92546148.49025029
218,63891270,92546148.4902502
219,46461381,92546148.49025011
220,41860014,92546148.49025004
221,45317181,92546148.49024998
222,43814832,92546148.49024993
223,76009668,92546148.49024989
224,98439870,92546148.49024984
225,48019788,92546148.49024981
226,91183911,92546148.49024978
227,88969233,92546148.49024977
228,100847295,92546148.49024974
229,64860759,92546148.49024972
230,51007941,92546148.49024971
231,38758911,92546148.4902497
232,46869147,92546148.4902497
233,44146047,92546148.49024968
234,40296915,92546148.49024966
235,29401674,92546148.49024966
236,53045058,92546148.49024965
237,50194401,92546148.49024965
238,69309909,92546148.49024965
239,71163837,92546148.49024965
240,61048125,92546148.49024963
241,42940458,92546148.49024963
242,44525595,92546148.49024963
243,60794577,92546148.49024963
244,39249213,92546148.49024963
245,37936686,92546148.49024963
246,39642876,92546148.49024963
247,41501289,92546148.49024962
248,55812660,92546148.49024962
249,62566308,92546148.49024962
250,39613005,92546148.49024962
251,38390217,92546148.49024962
252,45813135,92546148.49024962
253,60119475,92546148.49024962
254,56379108,92546148.49024962
255,42233193,92546148.49024962
256,45552510,92546148.49024962
257,68857446,92546148.49024962
258,55574643,92546148.49024962
259,46073055,92546148.49024962
260,41770179,92546148.49024962
261,84612528,92546148.49024962
262,74272956,92546148.49024962
263,48992169,92546148.49024962
264,45378816,92546148.49024962
265,35842581,92546148.49024962
266,64119066,92546148.49024962
267,84211971,92546148.49024962
268,76144266,92546148.49024962
269,62828631,92546148.49024962
270,53867883,92546148.49024962
271,51094242,92546148.49024962
272,91450023,92546148.49024962
273,55297875,92546148.49024962
274,43898304,92546148.49024962
275,57587346,92546148.49024962
276,50215812,92546148.49024962
277,42600966,92546148.49024962
278,66060120,92546148.49024962
279,42360225,92546148.49024962
280,36741510,92546148.49024962
281,56773701,92546148.49024962
282,72621732,92546148.49024962
283,52143384,92546148.49024962
284,42096156,92546148.49024962
285,94444362,92546148.49024962
286,68642505,92546148.49024962
287,188556297,92546148.49024962
288,187244904,92546148.49024962
289,115579377,92546148.49024962
290,81639519,92546148.49024962
291,89755251,92546148.49024962
292,168146148,92546148.49024962
293,128213391,92546148.49024962
294,103885557,92546148.49024962
295,76192230,92546148.49024962
296,64886436,92546148.49024962
297,100337145,92546148.49024962
298,177317508,92546148.49024962
299,128408166,92546148.49024962
300,67189704,92546148.49024962
301,76719444,92546148.49024962
302,104326947,92546148.49024962
303,79627077,92546148.49024962
304,94336095,92546148.49024962
305,62696790,92546148.49024962
306,64926774,92546148.49024962
307,99217527,92546148.49024962
308,108515100,92546148.49024962
309,67680714,92546148.49024962
310,35042670,92546148.49024962
311,58393401,92546148.49024962
312,81276114,92546148.49024962
313,68804094,92546148.49024962
314,73114869,92546148.49024962
315,92321985,92546148.49024962
316,81663111,92546148.49024962
317,56084571,92546148.49024962
318,41906370,92546148.49024962
319,59438496,92546148.49024962
320,59664366,92546148.49024962
321,78595506,92546148.49024962
322,70806270,92546148.49024962
323,75169230,92546148.49024962
324,82771449,92546148.49024962
325,100880262,92546148.49024962
326,56480013,92546148.49024962
327,71517915,92546148.49024962
328,93634086,92546148.49024962
329,92713287,92546148.49024962
330,71145819,92546148.49024962
331,60323907,92546148.49024962
332,56154045,92546148.49024962
333,47040939,92546148.49024962
334,40733625,92546148.49024962
335,104686047,92546148.49024962
336,100248258,92546148.49024962
337,80119797,92546148.49024962
338,90336474,92546148.49024962
339,84164748,92546148.49024962
340,91814877,92546148.49024962
341,66063210,92546148.49024962
342,83739015,92546148.49024962
343,97209792,92546148.49024962
344,72924411,92546148.49024962
345,66989409,92546148.49024962
346,75442488,92546148.49024962
347,70488744,92546148.49024962
348,103416027,92546148.49024962
349,152375142,92546148.49024962
350,86595906,92546148.49024962
351,104867283,92546148.49024962
352,147109569,92546148.49024962
353,134788950,92546148.49024962
354,104436096,92546148.49024962
355,73138338,92546148.49024962
356,66793035,92546148.49024962
357,78855558,92546148.49024962
358,73625466,92546148.49024962
359,60994464,92546148.49024962
360,50729013,92546148.49024962
361,52259544,92546148.49024962
362,66126831,92546148.49024962
363,79645869,92546148.49024962
364,67756416,92546148.49024962
365,57649542,92546148.49024962
366,51294396,92546148.49024962
367,55178418,92546148.49024962
368,68501841,92546148.49024962
369,83288202,92546148.49024962
370,95257008,92546148.49024962
371,135322275,92546148.49024962
372,76067763,92546148.49024962
373,99006867,92546148.49024962
374,74766861,92546148.49024962
375,74643438,92546148.49024962
376,61623507,92546148.49024962
377,67179861,92546148.49024962
378,72494172,92546148.49024962
379,80399106,92546148.49024962
380,59183979,92546148.49024962
381,58648644,92546148.49024962
382,67037166,92546148.49024962
383,71152263,92546148.49024962
384,66841143,92546148.49024962
385,84028821,92546148.49024962
386,66582972,92546148.49024962
387,100414191,92546148.49024962
388,81981648,92546148.49024962
389,105868557,92546148.49024962
390,120676149,92546148.49024962
391,68920878,92546148.49024962
392,62031546,92546148.49024962
393,102506079,92546148.49024962
394,73614819,92546148.49024962
395,59865006,92546148.49024962
396,48992757,92546148.49024962
397,54263223,92546148.49024962
398,82177701,92546148.49024962
399,80075019,92546148.49024962
400,89348535,92546148.49024962
401,79447059,92546148.49024962
402,55013688,92546148.49024962
403,59357205,92546148.49024962
404,65976096,92546148.49024962
405,55121211,92546148.49024962
406,58422405,92546148.49024962
407,51715221,92546148.49024962
408,49847832,92546148.49024962
409,70711326,92546148.49024962
410,105416337,92546148.49024962
411,69696558,92546148.49024962
412,68341335,92546148.49024962
413,136133667,92546148.49024962
414,76956396,92546148.49024962
415,124948527,92546148.49024962
416,88132995,92546148.49024962
417,75781371,92546148.49024962
418,63709575,92546148.49024962
419,81643704,92546148.49024962
420,92519193,92546148.49024962
421,72903111,92546148.49024962
422,90810222,92546148.49024962
423,84401631,92546148.49024962
424,97224459,92546148.49024962
425,140312862,92546148.49024962
426,92150724,92546148.49024962
427,86098539,92546148.49024962
428,80236110,92546148.49024962
429,87811812,92546148.49024962
430,90296673,92546148.49024962
431,144973305,92546148.49024962
432,88903638,92546148.49024962
433,89092515,92546148.49024962
434,92139324,92546148.49024962
435,106003344,92546148.49024962
436,89294982,92546148.49024962
437,101914371,92546148.49024962
438,77247963,92546148.49024962
439,93473118,92546148.49024962
440,112393737,92546148.49024962
441,84204522,92546148.49024962
442,72808602,92546148.49024962
443,76210620,92546148.49024962
444,96491307,92546148.49024962
445,98090898,92546148.49024962
446,102767262,92546148.49024962
447,97988796,92546148.49024962
448,119131935,92546148.49024962
449,107390700,92546148.49024962
450,92641770,92546148.49024962
451,122792955,92546148.49024962
452,101527260,92546148.49024962
453,104202678,92546148.49024962
454,95770695,92546148.49024962
455,89178312,92546148.49024962
456,90666501,92546148.49024962
457,82897254,92546148.49024962
458,94600452,92546148.49024962
459,74460444,92546148.49024962
460,84779112,92546148.49024962
461,71853630,92546148.49024962
462,81930690,92546148.49024962
463,101854086,92546148.49024962
464,99509220,92546148.49024962
465,87930960,92546148.49024962
466,97954497,92546148.49024962
467,78557499,92546148.49024962
468,69683019,92546148.49024962
469,82537428,92546148.49024962
470,80890110,92546148.49024962
471,88864089,92546148.49024962
472,142032177,92546148.49024962
473,103472847,92546148.49024962
474,64073505,92546148.49024962
475,66820758,92546148.49024962
476,88109988,92546148.49024962
477,84722991,92546148.49024962
478,95312883,92546148.49024962
479,117042888,92546148.49024962
480,95577468,92546148.49024962
481,80091105,92546148.49024962
482,72256317,92546148.49024962
483,113172897,92546148.49024962
484,99365274,92546148.49024962
485,86244681,92546148.49024962
486,94918872,92546148.49024962
487,70155045,92546148.49024962
488,79657287,92546148.49024962
489,89359167,92546148.49024962
490,88136322,92546148.49024962
491,68765970,92546148.49024962
492,47500536,92546148.49024962
493,61395387,92546148.49024962
494,55843347,92546148.49024962
495,63985044,92546148.49024962
496,57259716,92546148.49024962
497,53230013,92546148.49024962
498,57163947,92546148.49024962
499,41864742,92546148.49024962
500,50541759,92546148.49024962
501,52107337,92546148.49024962
502,54287024,92546148.49024962
503,50890090,92546148.49024962
504,55859984,92546148.49024962
505,50028916,92546148.49024962
506,53713124,92546148.49024962
507,54470854,92546148.49024962
508,48674604,92546148.49024962
509,68229619,92546148.49024962
510,72628653,92546148.49024962
511,64795523,92546148.49024962
512,87087786,92546148.49024962
513,60231156,92546148.49024962
514,61642783,92546148.49024962
515,62555656,92546148.49024962
516,70545413,92546148.49024962
517,63748362,92546148.49024962
518,58076913,92546148.49024962
519,61925185,92546148.49024962
520,54664809,92546148.49024962
521,77620642,92546148.49024962
522,67726598,92546148.49024962
523,98363541,92546148.49024962
524,109578535,92546148.49024962
525,86982673,92546148.49024962
526,69298437,92546148.49024962
527,83916800,92546148.49024962
528,67925018,92546148.49024962
529,77013202,92546148.49024962
530,66860699,92546148.49024962
531,91483045,92546148.49024962
532,94124511,92546148.49024962
533,79428810,92546148.49024962
534,75891905,92546148.49024962
535,66571479,92546148.49024962
536,117798062,92546148.49024962
537,75713754,92546148.49024962
538,100446765,92546148.49024962
539,96507870,92546148.49024962
540,85327078,92546148.49024962
541,61638824,92546148.49024962
542,69152386,92546148.49024962
543,61554341,92546148.49024962
544,62688822,92546148.49024962
545,63070293,92546148.49024962
546,56538848,92546148.49024962
547,98622212,92546148.49024962
548,93916520,92546148.49024962
549,128803404,92546148.49024962
550,127062659,92546148.49024962
551,132703015,92546148.49024962
552,114403575,92546148.49024962
553,92226649,92546148.49024962
554,91293785,92546148.49024962
555,66567599,92546148.49024962
556,64335970,92546148.49024962
557,76048866,92546148.49024962
558,92882712,92546148.49024962
559,78452327,92546148.49024962
560,109536709,92546148.49024962
561,50672739,92546148.49024962
562,93038148,92546148.49024962
563,83357111,92546148.49024962
564,109186404,92546148.49024962
565,80046213,92546148.49024962
566,73645922,92546148.49024962
567,93122667,92546148.49024962
568,92150823,92546148.49024962
569,84213284,92546148.49024962
570,97624491,92546148.49024962
571,104872336,92546148.49024962
572,109794471,92546148.49024962
573,175862722,92546148.49024962
574,140682338,92546148.49024962
575,122334459,92546148.49024962
576,139032175,92546148.49024962
577,139390634,92546148.49024962
578,159563267,92546148.49024962
579,145417412,92546148.49024962
580,210090250,92546148.49024962
581,166989688,92546148.49024962
582,208643444,92546148.49024962
583,221070537,92546148.49024962
584,221923313,92546148.49024962
585,157777339,92546148.49024962
586,231402818,92546148.49024962
587,180388976,92546148.49024962
588,157986324,92546148.49024962
589,220911051,92546148.49024962
590,190283951,92546148.49024962
591,167642485,92546148.49024962
592,183810771,92546148.49024962
593,169400913,92546148.49024962
594,180714119,92546148.49024962
595,186476985,92546148.49024962
596,195680318,92546148.49024962
597,170291880,92546148.49024962
598,138858136,92546148.49024962
599,203119211,92546148.49024962
600,158699056,92546148.49024962
601,192734347,92546148.49024962
602,234815090,92546148.49024962
603,306590613,92546148.49024962
604,230878807,92546148.49024962
605,196813541,92546148.49024962
606,213806323,92546148.49024962
607,217448287,92546148.49024962
608,232662023,92546148.49024962
609,186188131,92546148.49024962
610,186010325,92546148.49024962
611,180673644,92546148.49024962
612,215431442,92546148.49024962
613,204754129,92546148.49024962
614,172475452,92546148.49024962
615,216455708,92546148.49024962
616,182108581,92546148.49024962
617,229586538,92546148.49024962
618,213738549,92546148.49024962
619,180018588,92546148.49024962
620,191828457,92546148.49024962
621,146359950,92546148.49024962
622,142228105,92546148.49024962
623,161028315,92546148.49024962
624,153144912,92546148.49024962
625,156852790,92546148.49024962
626,181979154,92546148.49024962
627,154193277,92546148.49024962
628,128100106,92546148.49024962
629,148125790,92546148.49024962
630,151897763,92546148.49024962
631,170023794,92546148.49024962
632,191488872,92546148.49024962
633,167790256,92546148.49024962
634,143717897,92546148.49024962
635,145995583,92546148.49024962
636,121374453,92546148.49024962
637,133197140,92546148.49024962
638,129684359,92546148.49024962
639,153391444,92546148.49024962
640,150376373,92546148.49024962
641,144193876,92546148.49024962
642,116531584,92546148.49024962
643,120851587,92546148.49024962
644,98654635,92546148.49024962
645,123660026,92546148.49024962
646,110252238,92546148.49024962
647,170222118,92546148.49024962
648,169545900,92546148.49024962
649,126463845,92546148.49024962
650,133882493,92546148.49024962
651,123857932,92546148.49024962
652,142154637,92546148.49024962
653,115770892,92546148.49024962
654,150256278,92546148.49024962
655,112932985,92546148.49024962
656,96438664,92546148.49024962
657,116662189,92546148.49024962
658,92067016,92546148.49024962
659,125732687,92546148.49024962
660,210970819,92546148.49024962
661,123538954,92546148.49024962
662,140006559,92546148.49024962
663,121999312,92546148.49024962
664,153364142,92546148.49024962
665,127015177,92546148.49024962
666,122515812,92546148.49024962
667,109015048,92546148.49024962
668,128259744,92546148.49024962
669,119727972,92546148.49024962
670,95108492,92546148.49024962
671,107607259,92546148.49024962
672,112249449,92546148.49024962
673,88965043,92546148.49024962
674,119840693,92546148.49024962
675,103889930,92546148.49024962
676,157849625,92546148.49024962
677,105592510,92546148.49024962
678,98288792,92546148.49024962
679,125473558,92546148.49024962
680,109520332,92546148.49024962
681,136196668,92546148.49024962
682,132001430,92546148.49024962
683,156952130,92546148.49024962
684,137605054,92546148.49024962
685,96870719,92546148.49024962
686,162061496,92546148.49024962
687,128818746,92546148.49024962
688,150711736,92546148.49024962
689,148029931,92546148.49024962
690,164398372,92546148.49024962
691,151143052,92546148.49024962
692,146911576,92546148.49024962
693,185710777,92546148.49024962
694,164489739,92546148.49024962
695,200242371,92546148.49024962
696,150740523,92546148.49024962
697,162384343,92546148.49024962
698,170575536,92546148.49024962
699,160171238,92546148.49024962
700,167915649,92546148.49024962
701,165611217,92546148.49024962
702,211797109,92546148.49024962
703,166875944,92546148.49024962
704,177460803,92546148.49024962
705,179990552,92546148.49024962
706,164968214,92546148.49024962
707,159770797,92546148.49024962
708,131283360,92546148.49024962
709,112620784,92546148.49024962
710,119685891,92546148.49024962
711,131530862,92546148.49024962
712,120707419,92546148.49024962
713,113879174,92546148.49024962
714,119425405,92546148.49024962
715,91972358,92546148.49024962
716,95672139,92546148.49024962
717,112681458,92546148.49024962
718,120062369,92546148.49024962
719,131569593,92546148.49024962
720,112434713,92546148.49024962
721,142355353,92546148.49024962
722,175158273,92546148.49024962
723,161796073,92546148.49024962
724,137005037,92546148.49024962
725,112757327,92546148.49024962
726,95856177,92546148.49024962
727,103697263,92546148.49024962
728,111446026,92546148.49024962
729,84582172,92546148.49024962
730,83645720,92546148.49024962
731,101752865,92546148.49024962
732,97829545,92546148.49024962
733,99539907,92546148.49024962
734,111097943,92546148.49024962
735,96642183,92546148.49024962
736,101596324,92546148.49024962
737,109498608,92546148.49024962
738,99038642,92546148.49024962
739,98595331,92546148.49024962
740,88197599,92546148.49024962
741,112484520,92546148.49024962
742,120718417,92546148.49024962
743,136276584,92546148.49024962
744,135702671,92546148.49024962
745,130597886,92546148.49024962
746,101077635,92546148.49024962
747,99777432,92546148.49024962
748,106612231,92546148.49024962
749,107673727,92546148.49024962
750,134047603,92546148.49024962
751,121988437,92546148.49024962
752,108861698,92546148.49024962
753,132541640,92546148.49024962
754,129469565,92546148.49024962
755,116959759,92546148.49024962
756,115312886,92546148.49024962
757,118559635,92546148.49024962
758,174667852,92546148.49024962
759,135999866,92546148.49024962
760,111673737,92546148.49024962
761,107709842,92546148.49024962
762,133692313,92546148.49024962
763,101543305,92546148.49024962
764,103704040,92546148.49024962
765,122514643,92546148.49024962
766,119951516,92546148.49024962
767,127524083,92546148.49024962
768,104636557,92546148.49024962
769,101993631,92546148.49024962
770,136597184,92546148.49024962
771,117058870,92546148.49024962
772,128522729,92546148.49024962
773,123810402,92546148.49024962
774,101985305,92546148.49024962
775,129721567,92546148.49024962
776,119159214,92546148.49024962
777,118121812,92546148.49024962
778,101377947,92546148.49024962
779,122656030,92546148.49024962
780,103706266,92546148.49024962
781,111508114,92546148.49024962
782,102296786,92546148.49024962
783,88917176,92546148.49024962
784,93562909,92546148.49024962
785,125147846,92546148.49024962
786,170772713,92546148.49024962
787,138010095,92546148.49024962
788,150683368,92546148.49024962
789,118231113,92546148.49024962
790,107065087,92546148.49024962
791,115112635,92546148.49024962
792,94881173,92546148.49024962
793,136448167,92546148.49024962
794,118068273,92546148.49024962
795,121661656,92546148.49024962
796,125987621,92546148.49024962
797,119534790,92546148.49024962
798,117335820,92546148.49024962
799,116900130,92546148.49024962
800,106584841,92546148.49024962
801,142110454,92546148.49024962
802,131310128,92546148.49024962
803,140447569,92546148.49024962
804,149771642,92546148.49024962
805,150353975,92546148.49024962
806,136816819,92546148.49024962
807,142766234,92546148.49024962
808,116562402,92546148.49024962
809,122288000,92546148.49024962
810,118117078,92546148.49024962
811,65125203,92546148.49024962
812,112031763,92546148.49024962
813,148549913,92546148.49024962
814,135401335,92546148.49024962
815,132353196,92546148.49024962
816,121331709,92546148.49024962
817,104099817,92546148.49024962
818,137971115,92546148.49024962
819,126436179,92546148.49024962
820,107142262,92546148.49024962
821,103126829,92546148.49024962
822,97913888,92546148.49024962
823,95328313,92546148.49024962
824,146286348,92546148.49024962
825,160829239,92546148.49024962
826,135932762,92546148.49024962
827,116416490,92546148.49024962
828,106737369,92546148.49024962
829,125096987,92546148.49024962
830,109594227,92546148.49024962
831,93370094,92546148.49024962
832,86892382,92546148.49024962
833,106494359,92546148.49024962
834,113619943,92546148.49024962
835,100891578,92546148.49024962
836,104654163,92546148.49024962
837,121082599,92546148.49024962
838,102629283,92546148.49024962
839,92488939,92546148.49024962
840,85166580,92546148.49024962
841,96705664,92546148.49024962
842,91628502,92546148.49024962
843,105873612,92546148.49024962
844,123043812,92546148.49024962
845,115355046,92546148.49024962
846,103164400,92546148.49024962
847,108595431,92546148.49024962
848,102260343,92546148.49024962
849,117952527,92546148.49024962
850,106605946,92546148.49024962
851,123369932,92546148.49024962
852,198076787,92546148.49024962
853,107343231,92546148.49024962
854,125013148,92546148.49024962
855,109982327,92546148.49024962
856,103221430,92546148.49024962
857,91843275,92546148.49024962
858,110612672,92546148.49024962
859,134294447,92546148.49024962
860,122675954,92546148.49024962
861,111535217,92546148.49024962
862,83034043,92546148.49024962
863,84476347,92546148.49024962
864,95498597,92546148.49024962
865,86759478,92546148.49024962
866,81202987,92546148.49024962
867,120831762,92546148.49024962
868,111346705,92546148.49024962
869,104545762,92546148.49024962
870,103844008,92546148.49024962
871,92739461,92546148.49024962
872,78841917,92546148.49024962
873,111747116,92546148.49024962
874,108645412,92546148.49024962
875,99806173,92546148.49024962
876,85906974,92546148.49024962
877,82243119,92546148.49024962
878,134334869,92546148.49024962
879,119660758,92546148.49024962
880,107920944,92546148.49024962
881,102129004,92546148.49024962
882,85544644,92546148.49024962
883,85391528,92546148.49024962
884,87391684,92546148.49024962
885,106524518,92546148.49024962
886,126325696,92546148.49024962
887,97146832,92546148.49024962
888,108214358,92546148.49024962
889,77271428,92546148.49024962
890,83846726,92546148.49024962
891,73178014,92546148.49024962
892,75580637,92546148.49024962
893,74228615,92546148.49024962
894,113186227,92546148.49024962
895,81804043,92546148.49024962
896,77654838,92546148.49024962
897,81562127,92546148.49024962
898,116650594,92546148.49024962
899,82950141,92546148.49024962
900,123161960,92546148.49024962
901,143157603,92546148.49024962
902,104423320,92546148.49024962
903,103232675,92546148.49024962
904,84532407,92546148.49024962
905,94515987,92546148.49024962
906,64722669,92546148.49024962
907,100245310,92546148.49024962
908,96999956,92546148.49024962
909,82439718,92546148.49024962
910,96098830,92546148.49024962
911,86868117,92546148.49024962
912,107097564,92546148.49024962
913,124545104,92546148.49024962
914,181178020,92546148.49024962
915,126427521,92546148.49024962
916,109815725,92546148.49024962
917,243869678,92546148.49024962
918,127031787,92546148.49024962
919,92829719,92546148.49024962
920,89148041,92546148.49024962
921,75491539,92546148.49024962
922,84390253,92546148.49024962
923,75045854,92546148.49024962
924,79969488,92546148.49024962
925,65950292,92546148.49024962
926,72627178,92546148.49024962
927,67018903,92546148.49024962
928,86407422,92546148.49024962
929,79662993,92546148.49024962
930,59812220,92546148.49024962
931,77445845,92546148.49024962
932,61727425,92546148.49024962
933,115266512,92546148.49024962
934,88313477,92546148.49024962
935,71975496,92546148.49024962
936,65584478,92546148.49024962
937,59736620,92546148.49024962
938,54782649,92546148.49024962
939,77784755,92546148.49024962
940,67314602,92546148.49024962
941,68568920,92546148.49024962
942,60056340,92546148.49024962
943,57953756,92546148.49024962
944,69887024,92546148.49024962
945,56244932,92546148.49024962
946,50869682,92546148.49024962
947,64761928,92546148.49024962
948,90389446,92546148.49024962
949,118984122,92546148.49024962
950,82038194,92546148.49024962
951,109786083,92546148.49024962
952,68982265,92546148.49024962
953,55893139,92546148.49024962
954,63029482,92546148.49024962
955,61992070,92546148.49024962
956,63678265,92546148.49024962
957,95737066,92546148.49024962
958,72746521,92546148.49024962
959,95438068,92546148.49024962
960,135691395,92546148.49024962
961,205047920,92546148.49024962
962,166561471,92546148.49024962
963,154501152,92546148.49024962
964,157219580,92546148.49024962
965,160742516,92546148.49024962
966,128519430,92546148.49024962
967,221707273,92546148.49024962
968,155955773,92546148.49024962
969,146912920,92546148.49024962
970,126332470,92546148.49024962
971,115584810,92546148.49024962
972,110869037,92546148.49024962
973,87403903,92546148.49024962
974,101225430,92546148.49024962
975,111928192,92546148.49024962
976,167942939,92546148.49024962
977,100636466,92546148.49024962
978,94604145,92546148.49024962
979,129201789,92546148.49024962
980,100560334,92546148.49024962
981,67497011,92546148.49024962
982,83861898,92546148.49024962
983,82880120,92546148.49024962
984,100308836,92546148.49024962
985,73783942,92546148.49024962
986,71159778,92546148.49024962
987,65033874,92546148.49024962
988,58648274,92546148.49024962
989,64044903,92546148.49024962
990,76247387,92546148.49024962
991,70250014,92546148.49024962
992,89848530,92546148.49024962
993,88765122,92546148.49024962
994,76435222,92546148.49024962
995,74001182,92546148.49024962
996,70145964,92546148.49024962
997,79514482,92546148.49024962
998,81525207,92546148.49024962
999,59301187,92546148.49024962
1000,62821390,92546148.49024962
1001,64116350,92546148.49024962
1002,62308818,92546148.49024962
1003,63370608,92546148.49024962
1004,76714222,92546148.49024962
1005,80651767,92546148.49024962
1006,119355013,92546148.49024962
1007,112177004,92546148.49024962
1008,67443518,92546148.49024962
1009,78891136,92546148.49024962
1010,83548633,92546148.49024962
1011,72020042,92546148.49024962
1012,59515114,92546148.49024962
1013,54322995,92546148.49024962
1014,66761636,92546148.49024962
1015,78010204,92546148.49024962
1016,102694576,92546148.49024962
1017,99879070,92546148.49024962
1018,86927194,92546148.49024962
1019,88490999,92546148.49024962
1020,65034318,92546148.49024962
1021,67142193,92546148.49024962
1022,70988067,92546148.49024962
1023,80873381,92546148.49024962
1024,87397613,92546148.49024962
1025,93983930,92546148.49024962
1026,80729240,92546148.49024962
1027,86726285,92546148.49024962
1028,68113270,92546148.49024962
1029,56303160,92546148.49024962
1030,66289529,92546148.49024962
1031,83087063,92546148.49024962
1032,142628874,92546148.49024962
1033,86291923,92546148.49024962
1034,62988787,92546148.49024962
1035,49632824,92546148.49024962
1036,50791784,92546148.49024962
1037,49611867,92546148.49024962
1038,47328988,92546148.49024962
1039,43268741,92546148.49024962
1040,80938892,92546148.49024962
1041,204491903,92546148.49024962
1042,161611931,92546148.49024962
1043,107653603,92546148.49024962
1044,80521751,92546148.49024962
1045,53993576,92546148.49024962
1046,66575292,92546148.49024962
1047,57544757,92546148.49024962
1048,68802354,92546148.49024962
1049,69282505,92546148.49024962
1050,165228710,92546148.49024962
1051,117309232,92546148.49024962
1052,204782763,92546148.49024962
1053,210521625,92546148.49024962
1054,155726016,92546148.49024962
1055,125405599,92546148.49024962
1056,120726109,92546148.49024962
1057,114440286,92546148.49024962
1058,126547455,92546148.49024962
1059,88852452,92546148.49024962
1060,66340650,92546148.49024962
1061,58011719,92546148.49024962
1062,89140722,92546148.49024962
1063,95890899,92546148.49024962
1064,62295857,92546148.49024962
1065,57896439,92546148.49024962
1066,37167621,92546148.49024962
1067,77986478,92546148.49024962
1068,58267196,92546148.49024962
1069,50810874,92546148.49024962
1070,81403569,92546148.49024962
1071,81455834,92546148.49024962
1072,96359173,92546148.49024962
1073,97563578,92546148.49024962
1074,104287559,92546148.49024962
1075,87752225,92546148.49024962
1076,89000158,92546148.49024962
1077,114083811,92546148.49024962
1078,131222978,92546148.49024962
1079,149340788,92546148.49024962
1080,118566146,92546148.49024962
1081,132216176,92546148.49024962
1082,72698055,92546148.49024962
1083,59551750,92546148.49024962
1084,76651210,92546148.49024962
1085,82666821,92546148.49024962
1086,64941012,92546148.49024962
1087,76825121,92546148.49024962
1088,109710749,92546148.49024962
1089,95423329,92546148.49024962
1090,85516534,92546148.49024962
1091,75699525,92546148.49024962
1092,73038805,92546148.49024962
1093,62287333,92546148.49024962
1094,67580494,92546148.49024962
1095,84565022,92546148.49024962
1096,81375460,92546148.49024962
1097,68335151,92546148.49024962
1098,94991429,92546148.49024962
